{
    "name": "root",
    "gauges": {
        "Searcher.Policy.Entropy.mean": {
            "value": 1.290246844291687,
            "min": 1.290246844291687,
            "max": 1.7705414295196533,
            "count": 8
        },
        "Searcher.Policy.Entropy.sum": {
            "value": 13289.54296875,
            "min": 12850.328125,
            "max": 18280.83984375,
            "count": 8
        },
        "Searcher.Environment.EpisodeLength.mean": {
            "value": 38.69230769230769,
            "min": 38.69230769230769,
            "max": 112.57534246575342,
            "count": 8
        },
        "Searcher.Environment.EpisodeLength.sum": {
            "value": 9557.0,
            "min": 8218.0,
            "max": 11179.0,
            "count": 8
        },
        "Searcher.Step.mean": {
            "value": 79992.0,
            "min": 9955.0,
            "max": 79992.0,
            "count": 8
        },
        "Searcher.Step.sum": {
            "value": 79992.0,
            "min": 9955.0,
            "max": 79992.0,
            "count": 8
        },
        "Searcher.Policy.ExtrinsicValueEstimate.mean": {
            "value": 7.515316486358643,
            "min": -1.0733587741851807,
            "max": 7.515316486358643,
            "count": 8
        },
        "Searcher.Policy.ExtrinsicValueEstimate.sum": {
            "value": 2247.07958984375,
            "min": -231.84548950195312,
            "max": 2247.07958984375,
            "count": 8
        },
        "Searcher.Environment.CumulativeReward.mean": {
            "value": 9.14109298514451,
            "min": -4.018232888350748,
            "max": 9.14109298514451,
            "count": 8
        },
        "Searcher.Environment.CumulativeReward.sum": {
            "value": 2257.849967330694,
            "min": -293.3310008496046,
            "max": 2257.849967330694,
            "count": 8
        },
        "Searcher.Policy.ExtrinsicReward.mean": {
            "value": 9.14109298514451,
            "min": -4.018232888350748,
            "max": 9.14109298514451,
            "count": 8
        },
        "Searcher.Policy.ExtrinsicReward.sum": {
            "value": 2257.849967330694,
            "min": -293.3310008496046,
            "max": 2257.849967330694,
            "count": 8
        },
        "Searcher.Losses.PolicyLoss.mean": {
            "value": 0.06698902590950537,
            "min": 0.059414009765411425,
            "max": 0.07127328442290279,
            "count": 8
        },
        "Searcher.Losses.PolicyLoss.sum": {
            "value": 0.6029012331855483,
            "min": 0.5701862753832223,
            "max": 0.69190694950521,
            "count": 8
        },
        "Searcher.Losses.ValueLoss.mean": {
            "value": 1.5097805548597265,
            "min": 0.23312900972086936,
            "max": 2.9706915030876795,
            "count": 8
        },
        "Searcher.Losses.ValueLoss.sum": {
            "value": 13.58802499373754,
            "min": 1.865032077766955,
            "max": 29.706915030876793,
            "count": 8
        },
        "Searcher.Policy.LearningRate.mean": {
            "value": 0.00025497654834115554,
            "min": 0.00025497654834115554,
            "max": 0.0002966535011155,
            "count": 8
        },
        "Searcher.Policy.LearningRate.sum": {
            "value": 0.0022947889350704,
            "min": 0.0022947889350704,
            "max": 0.0028512630495789995,
            "count": 8
        },
        "Searcher.Policy.Epsilon.mean": {
            "value": 0.1849921777777778,
            "min": 0.1849921777777778,
            "max": 0.19888450000000002,
            "count": 8
        },
        "Searcher.Policy.Epsilon.sum": {
            "value": 1.6649296000000002,
            "min": 1.5910760000000002,
            "max": 1.9504210000000002,
            "count": 8
        },
        "Searcher.Policy.Beta.mean": {
            "value": 0.025499154115555554,
            "min": 0.025499154115555554,
            "max": 0.029665461549999998,
            "count": 8
        },
        "Searcher.Policy.Beta.sum": {
            "value": 0.22949238704,
            "min": 0.22949238704,
            "max": 0.28513125789999993,
            "count": 8
        },
        "Searcher.IsTraining.mean": {
            "value": 1.0,
            "min": 1.0,
            "max": 1.0,
            "count": 8
        },
        "Searcher.IsTraining.sum": {
            "value": 1.0,
            "min": 1.0,
            "max": 1.0,
            "count": 8
        }
    },
    "metadata": {
        "timer_format_version": "0.1.0",
        "start_time_seconds": "1631672966",
        "python_version": "3.7.11 (default, Jul 27 2021, 09:42:29) [MSC v.1916 64 bit (AMD64)]",
        "command_line_arguments": "C:\\Users\\User\\.conda\\envs\\ml\\Scripts\\mlagents-learn ./config/ppo/Searcher.yaml --run-id=Searcher_01 --force",
        "mlagents_version": "0.27.0",
        "mlagents_envs_version": "0.27.0",
        "communication_protocol_version": "1.5.0",
        "pytorch_version": "1.9.0+cu111",
        "numpy_version": "1.21.2",
        "end_time_seconds": "1631673072"
    },
    "total": 105.5064941,
    "count": 1,
    "self": 0.005967600000005291,
    "children": {
        "run_training.setup": {
            "total": 0.08883010000000002,
            "count": 1,
            "self": 0.08883010000000002
        },
        "TrainerController.start_learning": {
            "total": 105.4116964,
            "count": 1,
            "self": 0.12505659999990826,
            "children": {
                "TrainerController._reset_env": {
                    "total": 9.9767536,
                    "count": 1,
                    "self": 9.9767536
                },
                "TrainerController.advance": {
                    "total": 95.1469800000001,
                    "count": 4966,
                    "self": 0.11643119999945384,
                    "children": {
                        "env_step": {
                            "total": 59.48868290000051,
                            "count": 4966,
                            "self": 48.03017410000062,
                            "children": {
                                "SubprocessEnvManager._take_step": {
                                    "total": 11.389772099999874,
                                    "count": 4966,
                                    "self": 0.3007181999994675,
                                    "children": {
                                        "TorchPolicy.evaluate": {
                                            "total": 11.089053900000406,
                                            "count": 3615,
                                            "self": 3.6979047000005885,
                                            "children": {
                                                "TorchPolicy.sample_actions": {
                                                    "total": 7.391149199999818,
                                                    "count": 3615,
                                                    "self": 7.391149199999818
                                                }
                                            }
                                        }
                                    }
                                },
                                "workers": {
                                    "total": 0.06873670000001653,
                                    "count": 4966,
                                    "self": 0.0,
                                    "children": {
                                        "worker_root": {
                                            "total": 96.4909555000005,
                                            "count": 4966,
                                            "is_parallel": true,
                                            "self": 56.048166600000414,