{"count":1,"self":15.5875024,"total":122.9012326,"children":{"InitializeActuators":{"count":25,"self":0.0009681,"total":0.0009681,"children":null},"InitializeSensors":{"count":25,"self":0.0069800999999999995,"total":0.0069800999999999995,"children":null},"AgentSendState":{"count":18684,"self":3.8405899999999997,"total":25.6465374,"children":{"CollectObservations":{"count":93425,"self":0.038908899999999996,"total":0.038908899999999996,"children":null},"WriteActionMask":{"count":93425,"self":0.0633014,"total":0.0633014,"children":null},"RequestDecision":{"count":93425,"self":0.24570389999999998,"total":21.703737,"children":{"AgentInfo.ToProto":{"count":93425,"self":0.261648,"total":21.458033099999998,"children":{"GenerateSensorData":{"count":93425,"self":20.9332112,"total":21.1963851,"children":{"RayPerceptionSensor.Perceive":{"count":186850,"self":0.26317389999999996,"total":0.26317389999999996,"children":null}}}}}}}}},"DecideAction":{"count":18684,"self":79.8206016,"total":79.8206014,"children":null},"AgentAct":{"count":18684,"self":0.9879827,"total":0.99850759999999994,"children":{"AgentInfo.ToProto":{"count":25,"self":0,"total":0.0105249,"children":{"GenerateSensorData":{"count":25,"self":0.0105249,"total":0.0105249,"children":{"RayPerceptionSensor.Perceive":{"count":50,"self":0,"total":0,"children":null}}}}}}},"AgentInfo.ToProto":{"count":1942,"self":0.016114299999999998,"total":0.839139,"children":{"GenerateSensorData":{"count":1942,"self":0.8140503,"total":0.82302469999999994,"children":{"RayPerceptionSensor.Perceive":{"count":3884,"self":0.0089744,"total":0.0089744,"children":null}}}}}},"gauges":{"Searcher.CumulativeReward":{"count":1967,"max":9.988,"min":-11.660265,"runningAverage":7.541808,"value":9.958,"weightedAverage":9.844964}},"metadata":{"timer_format_version":"0.1.0","start_time_seconds":"1631756709","unity_version":"2020.3.12f1","command_line_arguments":"C:\\Program Files\\Unity\\Hub\\Editor\\2020.3.12f1\\Editor\\Unity.exe -projectpath D:\/Git Project\/Searcher -useHub -hubIPC -cloudEnvironment production -hubSessionId 5ad61870-1683-11ec-b646-2fcb73a16c37 -accessToken _U0JhHmqPxdtDRK5H9-ipAXX1lcA2SefenWmIjtFFJU00df","communication_protocol_version":"1.5.0","com.unity.ml-agents_version":"2.1.0-exp.1","scene_name":"SelfRay","end_time_seconds":"1631756832"}}